<?xml version="1.0" encoding="utf-8"?>
<book>
  <properties>
    <name>Классификатор документов, удостоверяющих личность гражданина Российской Федерации</name>
    <version number="1.1" date="27.02.2014"/>
  </properties>
  <entries>
    <entry>
      <n_id>1</n_id>
      <s_code>01</s_code>
      <s_name>Паспорт гражданина СССР</s_name>
      <n_order>3</n_order>
      <is_enabled>1</is_enabled>
      <parent_id></parent_id>
    </entry>
    <entry>
      <n_id>2</n_id>
      <s_code>02</s_code>
      <s_name>Загранпаспорт гражданина СССР</s_name>
      <n_order>4</n_order>
      <is_enabled>1</is_enabled>
      <parent_id></parent_id>
    </entry>
    <entry>
      <n_id>3</n_id>
      <s_code>03</s_code>
      <s_name>Свидетельство о рождении</s_name>
      <n_order>5</n_order>
      <is_enabled>1</is_enabled>
      <parent_id></parent_id>
    </entry>
    <entry>
      <n_id>4</n_id>
      <s_code>04</s_code>
      <s_name>Удостоверение личности офицера</s_name>
      <n_order>6</n_order>
      <is_enabled>1</is_enabled>
      <parent_id></parent_id>
    </entry>
    <entry>
      <n_id>5</n_id>
      <s_code>05</s_code>
      <s_name>Справка об освобождении из места лишения свободы</s_name>
      <n_order>50</n_order>
      <is_enabled>1</is_enabled>
      <parent_id></parent_id>
    </entry>
    <entry>
      <n_id>6</n_id>
      <s_code>06</s_code>
      <s_name>Паспорт Минморфлота</s_name>
      <n_order>60</n_order>
      <is_enabled>1</is_enabled>
      <parent_id></parent_id>
    </entry>
    <entry>
      <n_id>7</n_id>
      <s_code>07</s_code>
      <s_name>Военный билет</s_name>
      <n_order>70</n_order>
      <is_enabled>1</is_enabled>
      <parent_id></parent_id>
    </entry>
    <entry>
      <n_id>8</n_id>
      <s_code>09</s_code>
      <s_name>Дипломатический паспорт</s_name>
      <n_order>80</n_order>
      <is_enabled>1</is_enabled>
      <parent_id></parent_id>
    </entry>
    <entry>
      <n_id>9</n_id>
      <s_code>10</s_code>
      <s_name>Паспорт иностранного гражданина</s_name>
      <n_order>90</n_order>
      <is_enabled>1</is_enabled>
      <parent_id></parent_id>
    </entry>
    <entry>
      <n_id>10</n_id>
      <s_code>11</s_code>
      <s_name>Свидетельство о регистрации ходатайства иммигранта о признании его беженцем</s_name>
      <n_order>100</n_order>
      <is_enabled>1</is_enabled>
      <parent_id></parent_id>
    </entry>
    <entry>
      <n_id>11</n_id>
      <s_code>12</s_code>
      <s_name>Вид на жительство в РФ</s_name>
      <n_order>110</n_order>
      <is_enabled>1</is_enabled>
      <parent_id></parent_id>
    </entry>
    <entry>
      <n_id>12</n_id>
      <s_code>13</s_code>
      <s_name>Удостоверение беженца</s_name>
      <n_order>120</n_order>
      <is_enabled>1</is_enabled>
      <parent_id></parent_id>
    </entry>
    <entry>
      <n_id>13</n_id>
      <s_code>14</s_code>
      <s_name>Временное удостоверение личности гражданина РФ</s_name>
      <n_order>130</n_order>
      <is_enabled>1</is_enabled>
      <parent_id></parent_id>
    </entry>
    <entry>
      <n_id>14</n_id>
      <s_code>21</s_code>
      <s_name>Паспорт гражданина РФ</s_name>
      <n_order>1</n_order>
      <is_enabled>1</is_enabled>
      <parent_id></parent_id>
    </entry>
    <entry>
      <n_id>15</n_id>
      <s_code>22</s_code>
      <s_name>Загранпаспорт гражданина РФ</s_name>
      <n_order>2</n_order>
      <is_enabled>1</is_enabled>
      <parent_id></parent_id>
    </entry>
    <entry>
      <n_id>16</n_id>
      <s_code>23</s_code>
      <s_name>Свидетельство о рождении, выданное уполномоченным органом иностранного государства</s_name>
      <n_order>160</n_order>
      <is_enabled>1</is_enabled>
      <parent_id></parent_id>
    </entry>
    <entry>
      <n_id>17</n_id>
      <s_code>26</s_code>
      <s_name>Паспорт моряка</s_name>
      <n_order>170</n_order>
      <is_enabled>1</is_enabled>
      <parent_id></parent_id>
    </entry>
    <entry>
      <n_id>18</n_id>
      <s_code>27</s_code>
      <s_name>Военный билет офицера запаса</s_name>
      <n_order>180</n_order>
      <is_enabled>1</is_enabled>
      <parent_id></parent_id>
    </entry>
    <entry>
      <n_id>19</n_id>
      <s_code>91</s_code>
      <s_name>Иные документы</s_name>
      <n_order>190</n_order>
      <is_enabled>1</is_enabled>
      <parent_id></parent_id>
    </entry>
    <entry>
      <n_id>20</n_id>
      <s_code>08</s_code>
      <s_name>Временное удостоверение, выданное взамен военного билета</s_name>
      <n_order>200</n_order>
      <is_enabled>1</is_enabled>
      <parent_id></parent_id>
    </entry>
    <entry>
      <n_id>21</n_id>
      <s_code>15</s_code>
      <s_name>Разрешение на временное проживание в РФ</s_name>
      <n_order>210</n_order>
      <is_enabled>1</is_enabled>
      <parent_id></parent_id>
    </entry>
    <entry>
      <n_id>22</n_id>
      <s_code>18</s_code>
      <s_name>Свидетельство о предоставлении временного убежища на территории РФ</s_name>
      <n_order>220</n_order>
      <is_enabled>1</is_enabled>
      <parent_id></parent_id>
    </entry>
    <entry>
      <n_id>23</n_id>
      <s_code>24</s_code>
      <s_name>Удостоверение личности военнослужащего РФ</s_name>
      <n_order>230</n_order>
      <is_enabled>1</is_enabled>
      <parent_id></parent_id>
    </entry>
    <entry>
      <n_id>24</n_id>
      <s_code>60</s_code>
      <s_name>Документы, подтверждающие факт регистрации по месту жительства (пребывания)</s_name>
      <n_order>240</n_order>
      <is_enabled>1</is_enabled>
      <parent_id></parent_id>
    </entry>
    <entry>
      <n_id>25</n_id>
      <s_code>61</s_code>
      <s_name>Свидетельство о регистрации по месту жительства</s_name>
      <n_order>250</n_order>
      <is_enabled>1</is_enabled>
      <parent_id></parent_id>
    </entry>
    <entry>
      <n_id>26</n_id>
      <s_code>62</s_code>
      <s_name>Вид на жительство иностранного гражданина</s_name>
      <n_order>260</n_order>
      <is_enabled>1</is_enabled>
      <parent_id></parent_id>
    </entry>
    <entry>
      <n_id>27</n_id>
      <s_code>63</s_code>
      <s_name>Свидетельство о регистрации по месту пребывания</s_name>
      <n_order>270</n_order>
      <is_enabled>1</is_enabled>
      <parent_id></parent_id>
    </entry>
    <entry>
      <n_id>28</n_id>
      <s_code>81</s_code>
      <s_name>Свидетельство о смерти</s_name>
      <n_order>280</n_order>
      <is_enabled>1</is_enabled>
      <parent_id></parent_id>
    </entry>
  </entries>
</book>
