<?xml version="1.0" encoding="UTF-8"?>
<Export generator="Cache" version="25">
<Class name="Workflow.AbstractREST">
<IncludeCode>%occErrors,%ZEN.Utils</IncludeCode>
<Super>%CSP.REST</Super>
<TimeCreated>63579,55873.869445</TimeCreated>

<Method name="DispatchRequest">
<Description><![CDATA[
Dispatch a REST request according to URL and Method.<br>
Add param Namespace to a request to execute in desired namespace. Package must be mapped there]]></Description>
<Internal>1</Internal>
<ClassMethod>1</ClassMethod>
<FormalSpec>pUrl:%String,pMethod:%String</FormalSpec>
<ReturnType>%Status</ReturnType>
<Implementation><![CDATA[
	#dim %response As %CSP.Response
	#dim %request As %CSP.Request
	#dim %session As %CSP.Session
	
	Do %response.SetHeader("Access-Control-Allow-Origin","*")
	Do %response.SetHeader("Access-Control-Allow-Methods","GET, PUT, POST, DELETE, OPTIONS")
	Do %response.SetHeader("Access-Control-Max-Age","10000")
	Do %response.SetHeader("Access-Control-Allow-Headers","Content-Type, Authorization, Accept-Language") 
	 
	Set %response.ContentType="application/json"
	Set %session.Language=$$MatchLanguage^%occMessages(%request.GetCgiEnv("HTTP_ACCEPT_LANGUAGE"),"%CSP","+s") // Localization support
    
    #dim tSC As %Status = $$$OK
    #dim e As %Exception.AbstractException
    
    #dim tMatcher As %Regex.Matcher
    
    #dim tArgs,tClass,tMatchUrl,tMapEntry,tRegEx,tTarget,tAccess As %String
    #dim tI,tIndex As %Integer
    #dim tResourceMatched As %Boolean
    #dim tMethodMatched As %Boolean
    
    Try {
	    
	    set st = ..ConvertRequestBody()
	    If $$$ISERR(st) Do ..Http500(st) Quit
	    
	    //do %session.Login(
	    
	    // Desired execusion namespace
	    set Namespace = $get(%request.Data("Namespace",1))
	    set st = ..CheckNamespace(.Namespace)
	    If $$$ISERR(st) Do ..Http500(st) Quit
	    
        #; Check that the effective user ( could be unknown user ) can access this resource
        Set tAccess=$SYSTEM.Security.Check($Piece($zu(90,21,$namespace),"^",4))
        Set tAccess2=$SYSTEM.Security.Check($Piece($zu(90,21,Namespace),"^",4))
        If ((tAccess'["READ,WRITE") || (tAccess2'["READ,WRITE"))
        {
            #; Don't want the session token
            Set %response.OutputSessionToken=0
            
            #; Set the Http Status
            Set %response.Status="401 Unauthorized"
        
            #; Write out the header
            Do %response.WriteHTTPHeader()
            
            #; Done
            Quit
        }
        
        Set (tResourceMatched,tMethodMatched)=0
        
        #; Walk the dispatch map in collation order of defintion
        For tIndex=1:1 {
            
            #; Get the next map entry
            Set tMapEntry=..DispatchMap(tIndex) If tMapEntry="" Quit

            #; Pick out the RegEx
            Set tRegEx=$List(tMapEntry,1)
            
            #; Create a matcher
            Set tMatcher=##class(%Regex.Matcher).%New(tRegEx)
        
            #; Extract the match url from the application name
            Set tMatchUrl="/"_$Extract(pUrl,$Length(%request.Application)+1,*)
            
            #; Test each regular expression in turn, extracting the arguments,
            #; dispatching to the named method  
            If tMatcher.Match(tMatchUrl) {
                
                #; We have matched the resource
                Set tResourceMatched=1
                
                #; Now check method name
                If pMethod'=$List(tMapEntry,2) Continue
                
                Set tTarget=$List(tMapEntry,3)
                
                #; We have matched a method
                Set tMethodMatched=1
                
                #; Got a match, marshall the arguments
                If tMatcher.GroupCount {
                    For tI=1:1:tMatcher.GroupCount Set tArgs(tI)=tMatcher.Group(tI)
                    Set tArgs=tI
                } else {
                    Set tArgs=0
                }
                
                #; Check for optional ClassName prefix
                Set tClass=$classname()
                If tTarget[":" Set tClass=$Piece(tTarget,":"),tTarget=$Piece(tTarget,":",2)
                
                #; Dispatch                
                if (Namespace'=$Namespace) {
                    set oldNS = $Namespace
                    zn Namespace
                    set tSC=$zobjclassmethod(tClass,tTarget,tArgs...)
                    zn oldNS
                } else {
                    set tSC=$zobjclassmethod(tClass,tTarget,tArgs...)
                }
                If $$$ISERR(tSC) Do ..Http500(tSC)
                
                #; Don't want multiple matches
                Quit
            }
        }
        
        #; Didn't have a match for the resource, report not found
        If tResourceMatched=0 Set tSC=..Http404() Quit
        
        #; Had a match for resource but method not matched
        If tMethodMatched=0 Set tSC=..Http405() Quit
            
    } Catch (ex) {
        
        #; Issue a '500'
        Do ..Http500(ex.AsStatus())
    }
    
    If ..#UseSession=0 Set %session.EndSession=1
    
    Quit tSC
]]></Implementation>
</Method>

<Method name="ConvertRequestBody">
<Description>
Converts request into UTF8. Converts request into proxyObject. </Description>
<ClassMethod>1</ClassMethod>
<ReturnType>%Status</ReturnType>
<Implementation><![CDATA[
	#dim %request As %CSP.Request
	#dim obj As %ZEN.proxyObject

	return:'$isobject(%request.Content) $$$OK //empty request body - nothing to do
	
	// Convert request body into UTF8 proxyObject
	set content = %request.Content.Read($$$MaxStringLength)
	set content = $ZCVT(content,"I","UTF8") 
	set st = ##class(%ZEN.Auxiliary.jsonProvider).%ConvertJSONToObject(content,,.obj,1)
	return:$$$ISERR(st) st
	return:'$IsObject(obj) $$$ERROR($$$ArgumentIsNotAnObject,"Body")
	
	set %request.Content = obj // obj here is a valid UTF8 proxyObject with required property
	return $$$OK
]]></Implementation>
</Method>

<Method name="Http500">
<Description><![CDATA[
Issue an '500' error and give some indication as to what occurred.<br>
<b>pStatus</b> - %status, not %Exception.AbstractException.]]></Description>
<ClassMethod>1</ClassMethod>
<FormalSpec>pStatus:%Exception.AbstractException</FormalSpec>
<ReturnType>%Status</ReturnType>
<Implementation><![CDATA[
    // we are expecting status
    #; Set the response Http status
    set %response.Status="500 Internal Server Error"
    
    #; Return a helpful error string
    write "{""Error"":"_$$$ZENJSSTR($System.Status.GetErrorText(pStatus,%session.Language))_"}"
    return $$$OK
]]></Implementation>
</Method>

<Method name="CheckNamespace">
<Description><![CDATA[
Returns OK if namespace both exists and contains Workflow package.<br>
<b>Namespace</b> - name of namespace. Sets namespace variable to current namespace if empty or missing.]]></Description>
<ClassMethod>1</ClassMethod>
<FormalSpec><![CDATA[&Namespace:%String=$Namespace]]></FormalSpec>
<ReturnType>%Status</ReturnType>
<Implementation><![CDATA[
	if (Namespace = "") {
		set Namespace = $Namespace
		return $$$OK
	}
	
	return:('##class(%SYS.Namespace).Exists(Namespace)) $$$ERROR($$$NamespaceUnavailable,Namespace) 
	
	if Namespace'=$Namespace {
        set oldNS = $Namespace
        zn Namespace
        set exists = ##class(%Dictionary.CompiledClass).%ExistsId("Workflow.REST") 
        set isens = ##class(%EnsembleMgr).IsEnsembleNamespace()
        zn oldNS
        return:(isens=0) $$$ERROR($$$GeneralError, Namespace _ " is not an Ensemble Namespace")		
        return:(exists=0) $$$ERROR($$$GeneralError, "Workflow package is not mapped to " _ Namespace)		
	}
	
	return $$$OK
]]></Implementation>
</Method>

<UDLText name="T">
<Content><![CDATA[
/**
This project creates the DispatchMethod used to dispatch the Url and Method to the associated target method
**/
]]></Content>
</UDLText>

<Method name="DispatchMap">
<ClassMethod>1</ClassMethod>
<CodeMode>generator</CodeMode>
<FormalSpec>pIndex:%Integer</FormalSpec>
<ReturnType>%String</ReturnType>
<Implementation><![CDATA[
    #dim tSC As %Status = $$$OK
    #dim e As %Exception.AbstractException
    
    #dim tStream As %Stream.TmpCharacter
    #dim tHandler As %XML.ImportHandler
    #dim tCompiledClass As %Dictionary.CompiledClass
    
    #dim tArgCount,tIndex,tI,tCounter As %Integer
    #dim tArgs,tChild,tClassName,tDispatch,tError,tMap,tMethod,tPattern,tPiece,tType,tUrl As %String
    
    Try {
        
        Set tClassName=%classname
        
        #; Don't run on base class
        If tClassName="Workflow.AbstractREST" Quit
       
        #; Find named XDATA block
        If ##class(%Dictionary.CompiledXData).%ExistsId(tClassName_"||UrlMap") {
            
            Set tCompiledClass=##class(%Dictionary.CompiledClass).%OpenId(tClassName,,.tSC)
            If '$IsObject(tCompiledClass)||$$$ISERR(tSC) Quit
            
            Set tIndex = tCompiledClass.XDatas.FindObjectId(tClassName_"||UrlMap")
            If tIndex="" Set tSC=$$$ERROR($$$XDataBlockMissing,tClassName,"UrlMap") Quit
        
            #; Get XDATA as stream
            Set tStream = tCompiledClass.XDatas.GetAt(tIndex).Data
            Do tStream.Rewind()
            
            #; Create an XML import handler ( use the internal handler )
            Set tHandler=##class(%XML.ImportHandler).%New("CacheTemp",$$$IntHandler) 
        
            #; Create the Entity Resolver
            Set tResolver=##class(%XML.SAX.XDataEntityResolver).%New(tClassName)
        
            #; Parse the XML data in the specfied stream
            Set tSC=##Class(%XML.SAX.Parser).ParseStream(tStream,tHandler,tResolver,,,"Schema")
            If $$$ISERR(tSC) Quit       
        
            #; Copy tree because handler will delete it's copy when it goes out of scope
            Merge tMap=^CacheTemp(tHandler.Tree)
    
            If $Data(tMap("error"))||$Data(tMap("warning")) {
                
                Set tSC=$$$ERROR($$$InvalidDispatchMap)
                For tType="error","warning" {       
                    Set tIndex = "" For {
                        Set tIndex=$Order(tMap(tType,tIndex),1,tError) If tIndex="" Quit
                        Set tSC=$$$ADDSC(tSC,$$$ERROR($$$GeneralError,tError))
                    }
                }
                Quit
            }
            
            #; Walk the xml and generate the routing map
            Set tChild="",tCounter=0 For {
                Set tChild=$Order(tMap(1,"c",tChild)) If tChild="" Quit
                Set tPattern="",tArgCount=0,tUrl=tMap(tChild,"a","Url")
                For tI=2:1:$Length(tUrl,"/") {
                    Set tPiece=$Piece(tUrl,"/",tI)
                    If $Extract(tPiece)=":" {
                        Set tPattern=tPattern_"/([^/]+)"
                    } else {
                        Set tPattern=tPattern_"/"_tPiece
                    }
                }
               
                Set tCounter=$Increment(tCounter),tMethod=tMap(tChild,"a","Method"),tDispatch=tMap(tChild,"a","Call")
                $$$GENERATE(" If pIndex="_tCounter_" Quit $ListBuild("""_tPattern_""","""_tMethod_""","""_tDispatch_""")")
            }
            $$$GENERATE(" Quit """"")
                
        } else {
            
            #; The specified class must have an XDATA Block named UrlMap
            Set tSC=$$$ERROR($$$XDataBlockMissing,tClassName,"UrlMap")
        }
        
    } Catch (e) {
        Set tSC=e.AsStatus()
    }
    
    Quit tSC
]]></Implementation>
</Method>

<UDLText name="T">
<Content><![CDATA[
/**
Called for a REST page in the event of a login being required
**/
]]></Content>
</UDLText>

<Method name="Login">
<ClassMethod>1</ClassMethod>
<FormalSpec>skipheader:%Boolean=1</FormalSpec>
<ReturnType>%Status</ReturnType>
<Implementation><![CDATA[
	Do %response.SetHeader("Access-Control-Allow-Origin","*")
	Do %response.SetHeader("Access-Control-Allow-Methods","GET, PUT, POST, DELETE, OPTIONS")
	Do %response.SetHeader("Access-Control-Max-Age","10000")
	Do %response.SetHeader("Access-Control-Allow-Headers","Content-Type, Authorization, Accept-Language")
	
	Set %response.CharSet = "utf-8"
	Set %response.ContentType="application/json"
	
	If (%request.GetCgiEnv("REQUEST_METHOD") = "OPTIONS"){
		Do %response.WriteHTTPHeader()
		Return $$$OK
	}
	
    #; Don't want the session token
    Set %response.OutputSessionToken=0
    
    #; Set the Http Status
    Set %response.Status="403 Forbidden"
    
    #; We want Basic authentication
    Do %response.SetHeader("WWW-Authenticate","Basic")
    
    #; Write out the header
    Do %response.WriteHTTPHeader()
    
    Write "{""Error"":""Access denied""}"
        
    #; Done
    Quit $$$OK
]]></Implementation>
</Method>

<UDLText name="T">
<Content><![CDATA[
/**
This is the Schema which defines the form of the dispatch map
**/
]]></Content>
</UDLText>

<XData name="Schema">
<Internal>1</Internal>
<Data><![CDATA[
<?xml version="1.0"?>
<xs:schema xmlns:xs="http://www.w3.org/2001/XMLSchema" >

<xs:element name="Routes">
<xs:complexType>
<xs:sequence>
<xs:element name="Route" minOccurs="0" maxOccurs="unbounded">
<xs:complexType>
<xs:attribute name="Url"    type="string" use="required"/>
<xs:attribute name="Method" type="string" use="required"/>
<xs:attribute name="Call" type="call" use="required"/>
</xs:complexType>
</xs:element>
</xs:sequence>
</xs:complexType>
</xs:element>

<xs:simpleType name="call">
<xs:restriction base="xs:string">
<xs:pattern value="([%]?[a-zA-Z][a-zA-Z0-9]*(\.[a-zA-Z][a-zA-Z0-9]*)*:)?[%]?[a-zA-Z][a-zA-Z0-9]*"/>
</xs:restriction>
</xs:simpleType>

<xs:simpleType name="string">
<xs:restriction base="xs:string">
<xs:minLength value="1"/>
</xs:restriction>
</xs:simpleType>


</xs:schema>
]]></Data>
</XData>
</Class>
</Export>
