<?xml version="1.0" encoding="UTF-8"?>
<Export generator="Cache" version="25">
<CSP name="index.csp" application="/workflow/"><![CDATA[
<!doctype html>

<html>
  <head>
    <title>Ensemble Workflow</title>
    
    <meta charset="utf-8">
    <meta http-equiv="X-UA-Compatible" content="IE=edge">
    <meta name="viewport" content="width=device-width, initial-scale=1, maximum-scale=1">
    
    <!-- CSS Initialization -->
    <link rel="stylesheet" type="text/css" href="css/bootstrap.min.css">
    <link rel="stylesheet" type="text/css" href="css/font-awesome.min.css">
    <link rel="stylesheet" type="text/css" href="css/bootstrap-theme.min.css">
    <link rel="stylesheet" type="text/css" href="css/custom.css">

    <script language="javascript">
        // REST web-app name, global variable
        var RESTWebApp = {appName: '#($GET(^Settings("WF", "WebAppName")))#'};
  </script>
  </head>
  
  <body ng-app="app" ng-controller="MainCtrl">
    
    <nav class="navbar navbar-default navbar-fixed-top">
    
      <div class="container-fluid">      
          <div class="navbar-header"> 
            <a class="navbar-brand" href="#">Ensemble Workflow</a>
          </div>
          
          <div class="navbar-left">
            <button ng-cloak ng-disabled="page.loginState != 1 || page.loading" type="button" class="btn btn-default navbar-btn" 
                    ng-click="page.dataInit();">Refresh Worklist</button>
          </div>
            
          <div class="navbar-left">
            <form role="search" class="navbar-form">
              <div class="form-group form-inline">
                <label for="search" class="sr-only">Search</label>
                <input ng-cloak ng-disabled="page.loginState != 1" type="text" class="form-control" 
                       placeholder="Search" id="search" ng-model="query">
              </div>
            </form>
          </div>
            
          <div class="navbar-right">
            <form role="form" class="navbar-form form-inline" ng-show="page.loginState != 1" ng-model="user"
                  ng-submit="page.doLogin(user.Login, user.PasswordSetter); user='';" ng-cloak> 
              <div class="form-group"> 
                <input class="form-control uc-inline" ng-model="user.Login" placeholder="Username" ng-disabled="page.loading">
                <input type="password" class="form-control uc-inline" ng-model="user.PasswordSetter"  
                       placeholder="Password" ng-disabled="page.loading">
                <button type="submit" class="btn btn-default" ng-disabled="page.loading">Sign In</button>
              </div>
            </form>
          </div>
           
          <button ng-show="page.loginState == 1" type="button" ng-click="page.doExit();" class="btn navbar-btn btn-default pull-right" ng-cloak>Logout, 
            <span class="label label-info" ng-bind="utils.readCookie('User')"></span>
          </button>
          
        </div>
      </nav> 
        
      <div class="container-fluid"> 
        
        <div style="height: 20px;">
          <div ng-show="page.loading" class="progress-bar progress-bar-striped progress-condensed active" role="progressbar" 
               aria-valuenow="100" aria-valuemin="0" aria-valuemax="100" style="width: 100%" ng-cloak>
               Loading
          </div>
        </div>
        
        <!-- Alerts -->
        <div ng-controller="AlertController" ng-cloak>
            <alert title="Click to dismiss" ng-repeat="alert in page.alerts" type="{{alert.type}}" ng-click="page.closeAlert($index, alert)">{{alert.msg}}</alert>
        </div>
         
        <div ng-show="page.loginState != 1" class="attention" ng-cloak>
          <p>Please, Log In first.</p>
        </div>    
  
        <!-- Loading template -->
        <div ng-view>
        </div>
      </div>  
      
    </div>
    
    <!-- Hooking scripts -->  
    <script language="javascript" src="libs/angular.min.js"></script>
    <script language="javascript" src="libs/angular-route.min.js"></script>
    <script language="javascript" src="libs/angular-cookies.min.js"></script>
    <script language="javascript" src="libs/ui-bootstrap-custom-tpls-0.12.0.min.js"></script>
    <script language="javascript" src="libs/base64.js"></script>
    
    <script language="javascript" src="js/app.js"></script>

    <script language="javascript" src="js/services/RESTSrvc.js"></script>
    <script language="javascript" src="js/services/WorklistSrvc.js"></script>
    <script language="javascript" src="js/services/SessionSrvc.js"></script>
    <script language="javascript" src="js/services/UtilSrvc.js"></script>
    
    <script language="javascript" src="js/controllers/MainCtrl.js"></script>
    <script language="javascript" src="js/controllers/TaskCtrl.js"></script>
    <script language="javascript" src="js/controllers/TasksGridCtrl.js"></script>
    
    <script language="javascript" src="libs/jquery-1.11.2.min.js"></script>  
    <script language="javascript" src="libs/bootstrap.min.js"></script>
    
  </body>
</html>
]]></CSP>
</Export>
